{
    "name": "root",
    "gauges": {
        "Robot.Policy.Entropy.mean": {
            "value": 1.3366178274154663,
            "min": 1.3286012411117554,
            "max": 1.3419263362884521,
            "count": 79
        },
        "Robot.Policy.Entropy.sum": {
            "value": 40333.78125,
            "min": 13226.025390625,
            "max": 42322.13671875,
            "count": 79
        },
        "Robot.Environment.EpisodeLength.mean": {
            "value": 116.22265625,
            "min": 66.00892857142857,
            "max": 1300.8333333333333,
            "count": 79
        },
        "Robot.Environment.EpisodeLength.sum": {
            "value": 29753.0,
            "min": 6592.0,
            "max": 39025.0,
            "count": 79
        },
        "Robot.Step.mean": {
            "value": 5579827.0,
            "min": 3239537.0,
            "max": 5579827.0,
            "count": 79
        },
        "Robot.Step.sum": {
            "value": 5579827.0,
            "min": 3239537.0,
            "max": 5579827.0,
            "count": 79
        },
        "Robot.Policy.ExtrinsicValueEstimate.mean": {
            "value": -0.3055747151374817,
            "min": -4.445419788360596,
            "max": 36.31829071044922,
            "count": 79
        },
        "Robot.Policy.ExtrinsicValueEstimate.sum": {
            "value": -78.22712707519531,
            "min": -633.532958984375,
            "max": 3107.3857421875,
            "count": 79
        },
        "Robot.Environment.CumulativeReward.mean": {
            "value": -0.11792594294092851,
            "min": -52.945994602441786,
            "max": -0.11792594294092851,
            "count": 79
        },
        "Robot.Environment.CumulativeReward.sum": {
            "value": -30.189041392877698,
            "min": -1587.9016378298402,
            "max": -30.189041392877698,
            "count": 79
        },
        "Robot.Policy.ExtrinsicReward.mean": {
            "value": -0.11792594294092851,
            "min": -52.945994602441786,
            "max": -0.11792594294092851,
            "count": 79
        },
        "Robot.Policy.ExtrinsicReward.sum": {
            "value": -30.189041392877698,
            "min": -1587.9016378298402,
            "max": -30.189041392877698,
            "count": 79
        },
        "Robot.IsTraining.mean": {
            "value": 1.0,
            "min": 1.0,
            "max": 1.0,
            "count": 79
        },
        "Robot.IsTraining.sum": {
            "value": 1.0,
            "min": 1.0,
            "max": 1.0,
            "count": 79
        },
        "Robot.Losses.PolicyLoss.mean": {
            "value": 0.01813202283519786,
            "min": 0.012043688193080016,
            "max": 0.02511059559765272,
            "count": 78
        },
        "Robot.Losses.PolicyLoss.sum": {
            "value": 0.01813202283519786,
            "min": 0.012043688193080016,
            "max": 0.041859377691434926,
            "count": 78
        },
        "Robot.Losses.ValueLoss.mean": {
            "value": 0.0706484549989303,
            "min": 0.047205757598082224,
            "max": 63.940129089355466,
            "count": 78
        },
        "Robot.Losses.ValueLoss.sum": {
            "value": 0.0706484549989303,
            "min": 0.047205757598082224,
            "max": 63.940129089355466,
            "count": 78
        },
        "Robot.Policy.LearningRate.mean": {
            "value": 0.00013308218563929002,
            "min": 0.00013308218563929002,
            "max": 0.00020239557253482003,
            "count": 78
        },
        "Robot.Policy.LearningRate.sum": {
            "value": 0.00013308218563929002,
            "min": 0.00013308218563929002,
            "max": 0.00040292049569318997,
            "count": 78
        },
        "Robot.Policy.Epsilon.mean": {
            "value": 0.14436071,
            "min": 0.14436071,
            "max": 0.16746517999999994,
            "count": 78
        },
        "Robot.Policy.Epsilon.sum": {
            "value": 0.14436071,
            "min": 0.14436071,
            "max": 0.33430681000000007,
            "count": 78
        },
        "Robot.Policy.Beta.mean": {
            "value": 0.0022235994290000006,
            "min": 0.0022235994290000006,
            "max": 0.0033765124819999993,
            "count": 78
        },
        "Robot.Policy.Beta.sum": {
            "value": 0.0022235994290000006,
            "min": 0.0022235994290000006,
            "max": 0.006721909819000001,
            "count": 78
        }
    },
    "metadata": {
        "timer_format_version": "0.1.0",
        "start_time_seconds": "1751549098",
        "python_version": "3.10.12 | packaged by Anaconda, Inc. | (main, Jul  5 2023, 19:01:18) [MSC v.1916 64 bit (AMD64)]",
        "command_line_arguments": "C:\\Users\\galax\\miniconda3\\envs\\ml-agents\\Scripts\\mlagents-learn .\\Robot.yaml --run-id=alien_02 --resume",
        "mlagents_version": "1.1.0",
        "mlagents_envs_version": "1.1.0",
        "communication_protocol_version": "1.5.0",
        "pytorch_version": "2.6.0+cpu",
        "numpy_version": "1.23.5",
        "end_time_seconds": "1751552677"
    },
    "total": 3579.0931865000166,
    "count": 1,
    "self": 0.0622621001675725,
    "children": {
        "run_training.setup": {
            "total": 0.14866829989477992,
            "count": 1,
            "self": 0.14866829989477992
        },
        "TrainerController.start_learning": {
            "total": 3578.8822560999542,
            "count": 1,
            "self": 6.215692377882078,
            "children": {
                "TrainerController._reset_env": {
                    "total": 9.491488199913874,
                    "count": 1,
                    "self": 9.491488199913874
                },
                "TrainerController.advance": {
                    "total": 3563.0822065223474,
                    "count": 307954,
                    "self": 6.060357828857377,
                    "children": {
                        "env_step": {
                            "total": 2759.398798734648,
                            "count": 307954,
                            "self": 2411.3805226290133,
                            "children": {
                                "SubprocessEnvManager._take_step": {
                                    "total": 344.09300154051743,
                                    "count": 307954,
                                    "self": 16.776721955742687,
                                    "children": {
                                        "TorchPolicy.evaluate": {
                                            "total": 327.31627958477475,
                                            "count": 294015,
                                            "self": 327.31627958477475
                                        }
                                    }
                                },
                                "workers": {
                                    "total": 3.9252745651174337,
                                    "count": 307954,
                                    "self": 0.0,
                                    "children": {
                                        "worker_root": {
                                            "total": 3563.5641319190618,
                                            "count": 307954,
                                            "is_parallel": true,
                                            "self": 1484.0957134289201,
                                            "children": {
                                                "steps_from_proto": {
                                                    "total": 0.0005256999284029007,
                                                    "count": 1,
                                                    "is_parallel": true,
                                                    "self": 0.00011269957758486271,